molecule_chembl_id,canonical_smiles,standard_value,bioactivity_class
CHEMBL257288,CC1=C(C(=O)OC(C)C)C(c2cccc(Cl)c2)N(CCCN(C)C(=O)c2ccc(Oc3ccccc3)cc2)C(=O)N1,250.0,active
CHEMBL402197,CC(C)OC(=O)CN(c1cccc(Cl)c1)S(=O)(=O)c1cccc(NC(=O)CCc2ccccc2)c1,540.0,active
CHEMBL272127,CC(C)OC(=O)CN(c1cccc(Cl)c1)S(=O)(=O)c1cccc(NC(=O)CCNC(=O)OCc2ccccc2)c1,420.0,active
CHEMBL272128,CC(C)OC(=O)CN(c1cccc(Cl)c1)S(=O)(=O)c1cccc(NC(=O)CN(C)C(=O)OCc2ccccc2)c1,240.0,active
CHEMBL403689,CN(CC(=O)Nc1cccc(S(=O)(=O)N(Cc2ccccc2)c2cccc(Cl)c2)c1)C(=O)OCc1ccccc1,110.0,active
CHEMBL404329,CC(C)NC(=O)CN(c1cccc(Cl)c1)S(=O)(=O)c1cccc(NC(=O)CN(C)C(=O)OCc2ccccc2)c1,1700.0,intermediate
CHEMBL269980,CC(C)CCCN(c1cccc(Cl)c1)S(=O)(=O)c1cccc(NC(=O)CN(C)C(=O)OCc2ccccc2)c1,180.0,active
CHEMBL45816,COCC(=O)O[C@]1(CCN(C)CCCc2nc3ccccc3[nH]2)CCc2cc(F)ccc2[C@@H]1C(C)C,130.0,active
CHEMBL257288,CC1=C(C(=O)OC(C)C)C(c2cccc(Cl)c2)N(CCCN(C)C(=O)c2ccc(Oc3ccccc3)cc2)C(=O)N1,650.0,active
CHEMBL257288,CC1=C(C(=O)OC(C)C)C(c2cccc(Cl)c2)N(CCCN(C)C(=O)c2ccc(Oc3ccccc3)cc2)C(=O)N1,180.0,active
CHEMBL1210027,CC[C@H](C)[C@H](NC(=O)N1CCC2(CC1)CN(C(C)C)C2c1ccc(Cl)cc1)C(=O)OC,104.0,active
CHEMBL1210080,CC(C)N1CC2(CCN(C(=O)Nc3ccc(F)c(F)c3)CC2)C1c1ccc(Cl)cc1,174.0,active
CHEMBL1210081,CC(C)N1CC2(CCN(C(=O)Nc3cc(F)cc(F)c3)CC2)C1c1ccc(Cl)cc1,138.0,active
CHEMBL1210027,CC[C@H](C)[C@H](NC(=O)N1CCC2(CC1)CN(C(C)C)C2c1ccc(Cl)cc1)C(=O)OC,115.0,active
CHEMBL1210027,CC[C@H](C)[C@H](NC(=O)N1CCC2(CC1)CN(C(C)C)C2c1ccc(Cl)cc1)C(=O)OC,733.0,active
CHEMBL1210902,O=C1N(c2ccc(F)c(Cl)c2)C(c2ccccn2)C12CCN(c1nc3cc(F)c(C(F)(F)F)cc3[nH]1)CC2,31.0,active
CHEMBL1210902,O=C1N(c2ccc(F)c(Cl)c2)C(c2ccccn2)C12CCN(c1nc3cc(F)c(C(F)(F)F)cc3[nH]1)CC2,29.0,active
CHEMBL1210901,O=C1N(c2ccc(F)c(Cl)c2)C(c2ccccn2)C12CCN(c1nc3cc(F)c(Cl)cc3[nH]1)CC2,60.0,active
CHEMBL1210900,O=C1N(c2ccc(F)c(Cl)c2)C(c2ccccn2)C12CCN(c1nc3ccc(Cl)cc3[nH]1)CC2,78.0,active
CHEMBL1210899,O=C1N(c2cccc(Cl)c2)C(c2ccccn2)C12CCN(c1nc3cc(F)c(C(F)(F)F)cc3[nH]1)CC2,44.0,active
CHEMBL1210835,O=C(Nc1cc(F)cc(F)c1)N1CCC2(CC1)C(=O)N(c1cncc(Cl)c1)C2c1ccccn1,519.0,active
CHEMBL1209968,N#Cc1cccc(N2C(=O)C3(CCN(C(=O)Nc4cc(F)cc(F)c4)CC3)C2c2ccccn2)c1,732.0,active
CHEMBL1209968,N#Cc1cccc(N2C(=O)C3(CCN(C(=O)Nc4cc(F)cc(F)c4)CC3)C2c2ccccn2)c1,247.0,active
CHEMBL1210767,O=C(Nc1ccc(F)c(F)c1)N1CCC2(CC1)C(=O)N(c1cccc(Cl)c1)C2c1cccc[n+]1[O-],1498.0,intermediate
CHEMBL1210767,O=C(Nc1ccc(F)c(F)c1)N1CCC2(CC1)C(=O)N(c1cccc(Cl)c1)C2c1cccc[n+]1[O-],698.0,active
CHEMBL1210027,CC[C@H](C)[C@H](NC(=O)N1CCC2(CC1)CN(C(C)C)C2c1ccc(Cl)cc1)C(=O)OC,123.0,active
CHEMBL1210080,CC(C)N1CC2(CCN(C(=O)Nc3ccc(F)c(F)c3)CC2)C1c1ccc(Cl)cc1,340.0,active
CHEMBL1210081,CC(C)N1CC2(CCN(C(=O)Nc3cc(F)cc(F)c3)CC2)C1c1ccc(Cl)cc1,328.0,active
CHEMBL1210027,CC[C@H](C)[C@H](NC(=O)N1CCC2(CC1)CN(C(C)C)C2c1ccc(Cl)cc1)C(=O)OC,124.0,active
CHEMBL1210027,CC[C@H](C)[C@H](NC(=O)N1CCC2(CC1)CN(C(C)C)C2c1ccc(Cl)cc1)C(=O)OC,3197.0,intermediate
CHEMBL1210899,O=C1N(c2cccc(Cl)c2)C(c2ccccn2)C12CCN(c1nc3cc(F)c(C(F)(F)F)cc3[nH]1)CC2,63.0,active
CHEMBL1210900,O=C1N(c2ccc(F)c(Cl)c2)C(c2ccccn2)C12CCN(c1nc3ccc(Cl)cc3[nH]1)CC2,71.0,active
CHEMBL1210901,O=C1N(c2ccc(F)c(Cl)c2)C(c2ccccn2)C12CCN(c1nc3cc(F)c(Cl)cc3[nH]1)CC2,84.0,active
CHEMBL1210902,O=C1N(c2ccc(F)c(Cl)c2)C(c2ccccn2)C12CCN(c1nc3cc(F)c(C(F)(F)F)cc3[nH]1)CC2,106.0,active
CHEMBL1210136,CC[C@H](C)[C@H](NC(=O)N1CCC2(CC1)CN(C)C2c1ccc(Cl)cc1)C(=O)OC,410.0,active
CHEMBL1210137,CN1CC2(CCN(C(=O)Nc3cc(F)cc(F)c3)CC2)C1c1ccc(Cl)cc1,214.0,active
CHEMBL1210138,CC[C@H](C)[C@H](NC(=O)N1CCC2(CC1)C(=O)N(C)C2c1ccc(Cl)cc1)C(=O)OC,800.0,active
CHEMBL1210139,CN1C(=O)C2(CCN(C(=O)Nc3cc(F)cc(F)c3)CC2)C1c1ccc(Cl)cc1,920.0,active
CHEMBL1210140,CC(C)CN1CC2(CCN(C(=O)Nc3cc(F)cc(F)c3)CC2)C1c1ccc(Cl)cc1,177.0,active
CHEMBL1210202,CC[C@H](C)[C@H](NC(=O)N1CCC2(CC1)CN(C(C)C)C2c1ccc(F)cc1)C(=O)OC,256.0,active
CHEMBL1210203,CC(C)N1CC2(CCN(C(=O)Nc3cc(F)cc(F)c3)CC2)C1c1ccc(F)cc1,172.0,active
CHEMBL1210204,CN1CC2(CCN(C(=O)Nc3cc(F)cc(F)c3)CC2)C1c1ccc(F)cc1,410.0,active
CHEMBL1210984,CC[C@H](C)[C@H](NC(=O)N1CCC2(CC1)CN(C1CC1)C2c1ccc(Cl)cc1)C(=O)OC,325.0,active
CHEMBL1210205,O=C(Nc1cc(F)cc(F)c1)N1CCC2(CC1)CN(C1CC1)C2c1ccc(Cl)cc1,398.0,active
CHEMBL1210265,O=C(Nc1cc(F)cc(F)c1)N1CCC2(CC1)C(=O)N(C1CC1)C2c1ccc(Cl)cc1,2258.0,intermediate
CHEMBL1210266,CC[C@H](C)[C@H](NC(=O)N1CCC2(CC1)CN(c1cccc(F)c1)C2c1ccc(Cl)cc1)C(=O)OC,146.0,active
CHEMBL1210266,CC[C@H](C)[C@H](NC(=O)N1CCC2(CC1)CN(c1cccc(F)c1)C2c1ccc(Cl)cc1)C(=O)OC,3200.0,intermediate
CHEMBL1210267,CC[C@H](C)[C@H](NC(=O)N1CCC2(CC1)C(=O)N(c1cccc(F)c1)C2c1ccc(Cl)cc1)C(=O)OC,45.0,active
CHEMBL1210267,CC[C@H](C)[C@H](NC(=O)N1CCC2(CC1)C(=O)N(c1cccc(F)c1)C2c1ccc(Cl)cc1)C(=O)OC,872.0,active
CHEMBL1210983,CC[C@H](C)[C@H](NC(=O)N1CCC2(CC1)C(=O)N(c1cccc(F)c1)C2c1ccc(Cl)cc1)C(=O)OC#N,35.0,active
CHEMBL1210370,CC[C@H](C)[C@H](NC(=O)N1CCC2(CC1)C(=O)N(c1cccc(F)c1)C2c1ccc(Cl)cc1)C(=O)OC(C)C,45.0,active
CHEMBL1210371,CC[C@H](C)[C@H](NC(=O)N1CCC2(CC1)C(=O)N(c1cccc(F)c1)C2c1ccc(Cl)cc1)C(=O)NC,182.0,active
CHEMBL1210372,COC(=O)[C@H](COC(C)(C)C)NC(=O)N1CCC2(CC1)C(=O)N(c1cccc(F)c1)C2c1ccc(Cl)cc1,251.0,active
CHEMBL1210985,COC(=O)[C@H](C)NC(=O)N1CCC2(CC1)C(=O)N(c1cccc(F)c1)C2c1ccc(Cl)cc1,827.0,active
CHEMBL1210441,COC(=O)[C@H](CO)NC(=O)N1CCC2(CC1)C(=O)N(c1cccc(F)c1)C2c1ccc(Cl)cc1,3333.0,intermediate
CHEMBL1209965,C[C@H](NC(=O)N1CCC2(CC1)C(=O)N(c1cccc(F)c1)C2c1ccc(Cl)cc1)c1ccccc1,139.0,active
CHEMBL1209966,C[C@@H](NC(=O)N1CCC2(CC1)C(=O)N(c1cccc(F)c1)C2c1ccc(Cl)cc1)c1ccccc1,351.0,active
CHEMBL1210442,C[C@H](NC(=O)N1CCC2(CC1)C(=O)N(c1cccc(F)c1)C2c1ccc(Cl)cc1)c1ccc(F)cc1,82.0,active
CHEMBL1209967,CC[C@H](NC(=O)N1CCC2(CC1)C(=O)N(c1cccc(F)c1)C2c1ccc(Cl)cc1)c1ccccc1,224.0,active
CHEMBL1210443,CCC(C)NC(=O)N1CCC2(CC1)C(=O)N(c1cccc(F)c1)C2c1ccc(Cl)cc1,1251.0,intermediate
CHEMBL1210444,O=C(Nc1cc(F)cc(F)c1)N1CCC2(CC1)CN(c1cccc(F)c1)C2c1ccc(Cl)cc1,3503.0,intermediate
CHEMBL1210444,O=C(Nc1cc(F)cc(F)c1)N1CCC2(CC1)CN(c1cccc(F)c1)C2c1ccc(Cl)cc1,3200.0,intermediate
CHEMBL1210505,O=C(Nc1cc(F)cc(F)c1)N1CCC2(CC1)C(=O)N(c1cccc(F)c1)C2c1ccc(Cl)cc1,586.0,active
CHEMBL1210505,O=C(Nc1cc(F)cc(F)c1)N1CCC2(CC1)C(=O)N(c1cccc(F)c1)C2c1ccc(Cl)cc1,390.0,active
CHEMBL1210506,N#Cc1cccc(NC(=O)N2CCC3(CC2)C(=O)N(c2cccc(F)c2)C3c2ccc(Cl)cc2)c1,183.0,active
CHEMBL1210506,N#Cc1cccc(NC(=O)N2CCC3(CC2)C(=O)N(c2cccc(F)c2)C3c2ccc(Cl)cc2)c1,1060.0,intermediate
CHEMBL1210564,O=C(Nc1cc(F)cc(F)c1)N1CCC2(CC1)CN(c1ccc(F)c(Cl)c1)C2c1ccccn1,60.0,active
CHEMBL1210564,O=C(Nc1cc(F)cc(F)c1)N1CCC2(CC1)CN(c1ccc(F)c(Cl)c1)C2c1ccccn1,291.0,active
CHEMBL1210565,O=C(Nc1cc(F)cc(F)c1)N1CCC2(CC1)C(=O)N(c1ccc(F)c(Cl)c1)C2c1ccccn1,4.0,active
CHEMBL1210565,O=C(Nc1cc(F)cc(F)c1)N1CCC2(CC1)C(=O)N(c1ccc(F)c(Cl)c1)C2c1ccccn1,176.0,active
CHEMBL1210628,O=C(Nc1ccc(F)c(F)c1)N1CCC2(CC1)C(=O)N(c1ccc(F)c(Cl)c1)C2c1ccccn1,41.0,active
CHEMBL1210628,O=C(Nc1ccc(F)c(F)c1)N1CCC2(CC1)C(=O)N(c1ccc(F)c(Cl)c1)C2c1ccccn1,402.0,active
CHEMBL1210629,O=C(Nc1cccc(C(F)(F)F)c1)N1CCC2(CC1)C(=O)N(c1ccc(F)c(F)c1)C2c1ccccn1,17.0,active
CHEMBL1210629,O=C(Nc1cccc(C(F)(F)F)c1)N1CCC2(CC1)C(=O)N(c1ccc(F)c(F)c1)C2c1ccccn1,176.0,active
CHEMBL1210692,O=C(Nc1ccc(F)c(F)c1)N1CCC2(CC1)C(=O)N(c1cccc(Cl)c1)C2c1ccccn1,116.0,active
CHEMBL1210692,O=C(Nc1ccc(F)c(F)c1)N1CCC2(CC1)C(=O)N(c1cccc(Cl)c1)C2c1ccccn1,652.0,active
CHEMBL1210693,N#Cc1cccc(NC(=O)N2CCC3(CC2)C(=O)N(c2cccc(Cl)c2)C3c2ccccn2)c1,57.0,active
CHEMBL1210693,N#Cc1cccc(NC(=O)N2CCC3(CC2)C(=O)N(c2cccc(Cl)c2)C3c2ccccn2)c1,855.0,active
CHEMBL1210766,O=C(Nc1cc(F)cc(F)c1)N1CCC2(CC1)C(=O)N(c1cccc(Cl)c1)C2c1ccccn1,18.0,active
CHEMBL1210766,O=C(Nc1cc(F)cc(F)c1)N1CCC2(CC1)C(=O)N(c1cccc(Cl)c1)C2c1ccccn1,200.0,active
CHEMBL1209968,N#Cc1cccc(N2C(=O)C3(CCN(C(=O)Nc4cc(F)cc(F)c4)CC3)C2c2ccccn2)c1,2377.0,intermediate
CHEMBL1210203,CC(C)N1CC2(CCN(C(=O)Nc3cc(F)cc(F)c3)CC2)C1c1ccc(F)cc1,995.0,active
CHEMBL1210984,CC[C@H](C)[C@H](NC(=O)N1CCC2(CC1)CN(C1CC1)C2c1ccc(Cl)cc1)C(=O)OC,713.0,active
CHEMBL1210267,CC[C@H](C)[C@H](NC(=O)N1CCC2(CC1)C(=O)N(c1cccc(F)c1)C2c1ccc(Cl)cc1)C(=O)OC,109.0,active
CHEMBL1209968,N#Cc1cccc(N2C(=O)C3(CCN(C(=O)Nc4cc(F)cc(F)c4)CC3)C2c2ccccn2)c1,19300.0,inactive
CHEMBL1210564,O=C(Nc1cc(F)cc(F)c1)N1CCC2(CC1)CN(c1ccc(F)c(Cl)c1)C2c1ccccn1,41.0,active
CHEMBL1210629,O=C(Nc1cccc(C(F)(F)F)c1)N1CCC2(CC1)C(=O)N(c1ccc(F)c(F)c1)C2c1ccccn1,283.0,active
CHEMBL1210565,O=C(Nc1cc(F)cc(F)c1)N1CCC2(CC1)C(=O)N(c1ccc(F)c(Cl)c1)C2c1ccccn1,42.0,active
CHEMBL1210692,O=C(Nc1ccc(F)c(F)c1)N1CCC2(CC1)C(=O)N(c1cccc(Cl)c1)C2c1ccccn1,118.0,active
CHEMBL1210766,O=C(Nc1cc(F)cc(F)c1)N1CCC2(CC1)C(=O)N(c1cccc(Cl)c1)C2c1ccccn1,3490.0,intermediate
CHEMBL1210628,O=C(Nc1ccc(F)c(F)c1)N1CCC2(CC1)C(=O)N(c1ccc(F)c(Cl)c1)C2c1ccccn1,17700.0,inactive
CHEMBL1210983,CC[C@H](C)[C@H](NC(=O)N1CCC2(CC1)C(=O)N(c1cccc(F)c1)C2c1ccc(Cl)cc1)C(=O)OC#N,17000.0,inactive
CHEMBL45816,COCC(=O)O[C@]1(CCN(C)CCCc2nc3ccccc3[nH]2)CCc2cc(F)ccc2[C@@H]1C(C)C,1000.0,active
CHEMBL45816,COCC(=O)O[C@]1(CCN(C)CCCc2nc3ccccc3[nH]2)CCc2cc(F)ccc2[C@@H]1C(C)C,32.0,active
CHEMBL1684954,C[C@@H](NC(=O)Cc1ccc(C2CC2)cc1)c1ccc(OCC(F)(F)F)cn1,92.0,active
CHEMBL1732375,CC(C)(C)CCN1C[C@@H]2[C@@H](CNC(=O)c3cc(Cl)cc(Cl)c3)[C@@H]2C1,36.0,active
CHEMBL45816,COCC(=O)O[C@]1(CCN(C)CCCc2nc3ccccc3[nH]2)CCc2cc(F)ccc2[C@@H]1C(C)C,1000.0,active
CHEMBL2337981,CC(C)(C)NC(=O)NCCN1CCC(CO)(CNC(=O)c2cc(Cl)cc(Cl)c2)CC1,1200.0,intermediate
CHEMBL2337981,CC(C)(C)NC(=O)NCCN1CCC(CO)(CNC(=O)c2cc(Cl)cc(Cl)c2)CC1,600.0,active
CHEMBL2337980,CC(C)(C)NC(=O)NCCN1CCC(O)(CNC(=O)c2cc(Cl)cc(Cl)c2)CC1,600.0,active
CHEMBL2337979,CC(C)(C)NC(=O)NCCN1CCCC(NC(=O)c2cc(Cl)cc(Cl)c2)C1,500.0,active
CHEMBL2337978,CC(C)(C)NC(=O)NCCN1CCC(NC(=O)c2cc(Cl)cc(Cl)c2)C1,800.0,active
CHEMBL2337977,CC(C)(C)NC(=O)NCCN1CC(NC(=O)c2cc(Cl)cc(Cl)c2)C1,800.0,active
CHEMBL2338409,CC(C)(C)NC(=O)NCCN1CCC(CNC(=O)c2cc(Cl)cc(Cl)c2)C1,400.0,active
CHEMBL2338408,CC(C)(C)NC(=O)NCCN1CCOC(CNC(=O)c2cc(Cl)cc(Cl)c2)C1,3300.0,intermediate
CHEMBL2338407,CC(C)(C)NC(=O)NCCN1CCCC(CNC(=O)c2cc(Cl)cc(Cl)c2)C1,500.0,active
CHEMBL2338406,CC(C)(C)NC(=O)NCCN1CCC(CNC(=O)c2cc(Cl)cc(Cl)c2)CC1,500.0,active
CHEMBL2338405,CC(C)(C)NC(=O)NCCN1CCN(CC(=O)Nc2cc(Cl)cc(Cl)c2)CC1,300.0,active
CHEMBL2338404,CC(C)(C)CS(=O)(=O)NCCN1CCN(CC(=O)NC23CC4CC(CC(C4)C2)C3)CC1,900.0,active
CHEMBL2338403,CC(C)(C)S(=O)(=O)CCCN1CCN(CC(=O)NC23CC4CC(CC(C4)C2)C3)CC1,2400.0,intermediate
CHEMBL2338402,CC(C)(C)NC(=O)NCCCN1CCN(CC(=O)NC23CC4CC(CC(C4)C2)C3)CC1,1200.0,intermediate
CHEMBL2338401,CC(C)(C)OC(=O)NCCN1CCN(CC(=O)NC23CC4CC(CC(C4)C2)C3)CC1,1200.0,intermediate
CHEMBL2338400,CC(C)(C)NC(=O)NCCN1CCN(CC(=O)NC23CC4CC(CC(C4)C2)C3)CC1,500.0,active
CHEMBL2338399,CC(C)(C)C(=O)NCCCN1CCN(CC(=O)NC23CC4CC(CC(C4)C2)C3)CC1,1300.0,intermediate
CHEMBL2338398,CC(C)(C)C(=O)NCCN1CCN(CC(=O)NC23CC4CC(CC(C4)C2)C3)CC1,3000.0,intermediate
CHEMBL2337984,CC(C)(C)NC(=O)CN1CCN(CC(=O)NC23CC4CC(CC(C4)C2)C3)CC1,1000.0,active
CHEMBL2337983,CC(C)(C)NCCN1CCN(CC(=O)NC23CC4CC(CC(C4)C2)C3)CC1,4900.0,intermediate
CHEMBL2165063,COc1ccc2ncc(=O)n(CCN3CCC(NCc4ccc5c(n4)NC(=O)CO5)CC3)c2c1,333000.0,inactive
CHEMBL3355573,N[C@@H](Cn1c(=O)cnc2ccc(F)cc21)[C@H]1CC[C@H](NCc2ncc3c(n2)NC(=O)CO3)CC1,100000.0,inactive
CHEMBL3355575,COc1cnc2ccc(=O)n(C[C@H](N)[C@H]3CC[C@H](NCc4ccc5c(n4)NC(=O)CO5)CC3)c2c1,333000.0,inactive
CHEMBL1486348,CC1CC(C)CN(C(=O)c2cccc(S(=O)(=O)N3c4ccccc4CC3C)c2)C1,3000.0,intermediate
CHEMBL3589094,CC1Cc2ccccc2N1S(=O)(=O)c1cccc(C(=O)NCC2CCCCC2)c1,5000.0,intermediate
CHEMBL3589546,O=C(c1cccc(S(=O)(=O)Nc2ccccc2F)c1)N1CCN2CCC[C@@H]2C1,10600.0,inactive
CHEMBL3589554,O=C(c1cc(S(=O)(=O)Nc2ccccc2F)c(Cl)cc1Cl)N1CCN2CCC[C@@H]2C1,19000.0,inactive
CHEMBL3589557,Cl.O=C(c1cc(S(=O)(=O)Nc2ccccc2F)c(F)cc1Cl)N1CCN2CCC[C@@H]2C1,2300.0,intermediate
CHEMBL3609821,CC(C)C(=O)O[C@]1(CCN(C)CCCc2nc3ccccc3[nH]2)C[C@@H]2CC[C@H]1c1nccnc12,2065.0,intermediate
CHEMBL3609820,CO[C@]1(CCN(C)CCCc2nc3ccccc3[nH]2)C[C@@H]2CC[C@H]1c1ccccc12,224.0,active
CHEMBL3609819,COc1cccc2nc(CCCN(C)CC[C@]3(OC(=O)C(C)C)C[C@H]4CCC[C@@H]3c3ccccc34)[nH]c12,84.0,active
CHEMBL3608947,CC(C)C(=O)O[C@]1(CCN(C)CCCc2nc3ccccc3[nH]2)C[C@@H]2CCC[C@H]1c1ccccc12,225.0,active
CHEMBL3609818,CC(C)C(=O)O[C@@]1(CCN(C)CCCc2nc3ccccc3[nH]2)C[C@H]2CCC[C@@H]1c1ccccc12,184.0,active
CHEMBL3608945,CC(C)C(=O)O[C@]1(CCN(C)CCCc2nc3ccccc3[nH]2)C[C@@H]2CC[C@H]1c1ccccc12,350.0,active
CHEMBL3609817,CC(C)C(=O)O[C@@]1(CCN(C)CCCc2nc3ccccc3[nH]2)C[C@H]2CC[C@@H]1c1ccccc12,398.0,active
CHEMBL3608947,CC(C)C(=O)O[C@]1(CCN(C)CCCc2nc3ccccc3[nH]2)C[C@@H]2CCC[C@H]1c1ccccc12,217.0,active
CHEMBL3608946,CN(CCCc1nc2ccccc2[nH]1)CC[C@@]1(OC(=O)C2CC2)C[C@@H]2CC[C@H]1c1ccccc12,210.0,active
CHEMBL3608945,CC(C)C(=O)O[C@]1(CCN(C)CCCc2nc3ccccc3[nH]2)C[C@@H]2CC[C@H]1c1ccccc12,432.0,active
CHEMBL3608944,COCC(=O)O[C@]1(CCN(C)CCCc2nc3ccccc3[nH]2)C[C@@H]2CC[C@H]1c1ccccc12,361.0,active
CHEMBL3608943,CC(C)C(=O)O[C@]1(CCN(C)CCCc2nc3ccccc3[nH]2)C[C@H](O)c2cc(F)ccc2[C@@H]1C(C)C,76.0,active
CHEMBL3608942,CC(C)C(=O)O[C@]1(CCN(C)CCCc2nc3ccccc3[nH]2)C[C@@H](O)c2cc(F)ccc2[C@@H]1C(C)C,107.0,active
CHEMBL3608316,CC(C)C(=O)O[C@]1(CCN(C)CCCc2nc3ccccc3[nH]2)C[C@H](OCc2ccccc2)c2cc(F)ccc2[C@@H]1C(C)C,113.0,active
CHEMBL3608941,CC(C)C(=O)O[C@]1(CCN(C)CCCc2nc3ccccc3[nH]2)C[C@@H](OCc2ccccc2)c2cc(F)ccc2[C@@H]1C(C)C,132.0,active
CHEMBL3608940,CO[C@H]1C[C@@](CCN(C)CCCc2nc3ccccc3[nH]2)(OC(=O)C(C)C)[C@@H](C(C)C)c2ccc(F)cc21,318.0,active
CHEMBL3609825,CO[C@@H]1C[C@@](CCN(C)CCCc2nc3ccccc3[nH]2)(OC(=O)C(C)C)[C@@H](C(C)C)c2ccc(F)cc21,557.0,active
CHEMBL3609824,CCCC[C@@H]1C[C@@](CCN(C)CCCc2nc3ccccc3[nH]2)(OC(=O)COC)[C@@H](C(C)C)c2ccc(F)cc21,193.0,active
CHEMBL3609823,COCC(=O)O[C@]1(CCN(C)CCCc2nc3ccccc3[nH]2)CC(C)(C)c2cc(F)ccc2[C@@H]1C(C)C,207.0,active
CHEMBL3609822,CC(C)C(=O)O[C@]1(CCN(C)CCCc2nc3ccccc3[nH]2)CCc2cc(F)ccc2[C@@H]1C(C)C,149.0,active
CHEMBL45816,COCC(=O)O[C@]1(CCN(C)CCCc2nc3ccccc3[nH]2)CCc2cc(F)ccc2[C@@H]1C(C)C,181.0,active
CHEMBL3901517,O=C(Nc1ccccc1)N1N=C(c2ccc(Br)cc2)CC1c1ccc(F)cc1,68.0,active
CHEMBL3894794,O=C(Nc1ccc(F)cc1)N1N=C(c2ccc(Br)cc2)CC1c1ccc(F)cc1,16.0,active
CHEMBL3966141,O=C(Nc1cccc(F)c1)N1N=C(c2ccc(Br)cc2)CC1c1ccc(F)cc1,46.0,active
CHEMBL3905702,O=C(Nc1ccccc1F)N1N=C(c2ccc(Br)cc2)CC1c1ccc(F)cc1,10000.0,inactive
CHEMBL3933724,COc1ccc(NC(=O)N2N=C(c3ccc(Br)cc3)CC2c2ccc(F)cc2)cc1,447.0,active
CHEMBL3914689,CCc1ccc(NC(=O)N2N=C(c3ccc(Br)cc3)CC2c2ccc(F)cc2)cc1,613.0,active
CHEMBL3942685,O=C(NC1CCCCC1)N1N=C(c2ccc(Br)cc2)CC1c1ccc(F)cc1,316.0,active
CHEMBL3923714,CC(C)NC(=O)N1N=C(c2ccc(Br)cc2)CC1c1ccc(F)cc1,382.0,active
CHEMBL3951427,O=C(c1ccccc1)N1N=C(c2ccc(Br)cc2)CC1c1ccc(F)cc1,5390.0,intermediate
CHEMBL3932660,O=C(NCCc1ccccc1)N1N=C(c2ccc(Br)cc2)CC1c1ccc(F)cc1,420.0,active
CHEMBL3960151,O=C(Nc1ccncc1)N1N=C(c2ccccc2)CC1c1ccc(F)cc1,202.0,active
CHEMBL3969020,O=C(Nc1ccccn1)N1N=C(c2ccc(Br)cc2)CC1c1ccc(F)cc1,393.0,active
CHEMBL3897833,Fc1ccc(NC(=S)N2N=C(c3ccc(Br)cc3)CC2c2ccc(F)cc2)cc1,281.0,active
CHEMBL3981633,O=C(Nc1ccc(F)cc1)N1N=C(c2ccccc2)CC1c1ccc(F)cc1,25.0,active
CHEMBL3911637,CC1=NN(C(=O)Nc2ccc(F)cc2)C(c2ccc(F)cc2)C1,900.0,active
CHEMBL3892579,O=C(Nc1ccc(F)cc1)N1N=C(c2ccncc2)CC1c1ccc(F)cc1,33.0,active
CHEMBL3920575,O=C(Nc1ccc(F)cc1)N1N=C(c2ccncc2)C[C@@H]1c1ccc(F)cc1,320.0,active
CHEMBL3962647,O=C(Nc1ccc(F)cc1)N1N=C(c2ccncc2)C[C@H]1c1ccc(F)cc1,21.0,active
CHEMBL3893662,O=C(Nc1ccc(F)cc1)N1N=C(c2cc[n+]([O-])cc2)CC1c1ccc(F)cc1,110.0,active
CHEMBL3973610,CC1CC(c2ccccc2)=NN1C(=O)Nc1ccc(F)cc1,410.0,active
CHEMBL3964030,CS(=O)(=O)c1ccc(C2CC(c3ccccc3)=NN2C(=O)Nc2ccc(F)cc2)cc1,40.0,active
CHEMBL3919508,CS(=O)(=O)c1ccc(C2CC(c3ccncc3)=NN2C(=O)Nc2ccc(F)cc2)cc1,410.0,active
CHEMBL3947301,O=C(Nc1ccc(F)cc1)N1N=C(c2ccccc2)CC1(CO)c1ccc(F)cc1,70.0,active
CHEMBL3946972,O=C(Nc1ccc(F)cc1)N1N=C(c2ccccc2)CC1(CCO)c1ccccc1,120.0,active
CHEMBL3969496,COCCOc1ccc(C2(CCO)CC(c3ccccc3)=NN2C(=O)Nc2ccc(F)cc2)cc1,60.0,active
CHEMBL3938181,CN(C)CCOc1ccc(C2(CCO)CC(c3ccccc3)=NN2C(=O)Nc2ccc(F)cc2)cc1,5300.0,intermediate
CHEMBL3910259,Cc1ccc(C2(CCO)CC(c3ccncc3)=NN2C(=O)Nc2ccc(F)cc2)cc1,330.0,active
CHEMBL3966824,COc1ccc(C2=NN(C(=O)Nc3ccc(Cl)cc3)[C@](CCO)(c3cccnc3)C2)cc1,55.0,active
CHEMBL3937064,CS(=O)(=O)c1ccc(C2(CCO)CC(c3ccccc3)=NN2C(=O)Nc2ccc(F)cc2)cc1,420.0,active
CHEMBL3898970,COc1ccc(C2(CCO)CC(c3cccnc3)=NN2C(=O)Nc2ccc(Br)cc2)cc1,140.0,active
CHEMBL3928071,COc1ccc([C@]2(CCO)CC(c3cccnc3)=NN2C(=O)Nc2ccc(Br)cc2)cc1,33.0,active
CHEMBL3983284,COc1ccc([C@@]2(CCO)CC(c3cccnc3)=NN2C(=O)Nc2ccc(Br)cc2)cc1,10000.0,inactive
CHEMBL3941425,COCC1(c2ccc(C)cc2)CC(c2ccccc2)=NN1C(=O)Nc1ccc(F)cc1,350.0,active
CHEMBL3902564,Cc1ccc(C2(CCN3CCOCC3)CC(c3ccccc3)=NN2C(=O)Nc2ccc(F)cc2)cc1,430.0,active
CHEMBL3930559,Cc1ccc(C2(CCN(C)C)CC(c3ccccc3)=NN2C(=O)Nc2ccc(F)cc2)cc1,240.0,active
CHEMBL3893591,Cc1ccc(C2(CCN3CCN(C)CC3)CC(c3ccccc3)=NN2C(=O)Nc2ccc(F)cc2)cc1,690.0,active
CHEMBL3934636,CC(C)(C)NC(=O)CN1CCC(CNC(=O)c2cc(F)cc(Cl)c2)CC1,73.0,active
CHEMBL1684950,CC(C)c1ccc(CC(=O)N[C@H](C)c2ccc(OCC(F)(F)F)cn2)cc1,8.2,active
CHEMBL3892579,O=C(Nc1ccc(F)cc1)N1N=C(c2ccncc2)CC1c1ccc(F)cc1,220.0,active
CHEMBL3892579,O=C(Nc1ccc(F)cc1)N1N=C(c2ccncc2)CC1c1ccc(F)cc1,1700.0,intermediate
CHEMBL1684950,CC(C)c1ccc(CC(=O)N[C@H](C)c2ccc(OCC(F)(F)F)cn2)cc1,8.2,active
CHEMBL3934636,CC(C)(C)NC(=O)CN1CCC(CNC(=O)c2cc(F)cc(Cl)c2)CC1,73.0,active
CHEMBL3913893,C[C@@H]1CN(Cc2ccccc2)c2ccccc2[C@H](C)N1C(=O)NCc1ccccc1,35.0,active
CHEMBL3890307,C[C@H]1c2ccccc2N(Cc2ccccc2)CCN1C(=O)NCc1ccccc1,241.0,active
CHEMBL3959377,C[C@@H]1CN(Cc2ccccc2)c2ccccc2CN1C(=O)NCc1ccccc1,141.0,active
CHEMBL3979642,O=C(NCc1ccccc1)N1CCN(Cc2ccccc2)c2ccccc2C1,392.0,active
CHEMBL3950664,C[C@H]1c2ccccc2N(Cc2ccccc2)[C@@H](C)CN1C(=O)NCc1ccccc1,464.0,active
CHEMBL3904762,C[C@@H]1CN(C(=O)NCc2ccccc2)[C@@H](C)c2ccccc2N1Cc1ccccc1,198.0,active
CHEMBL3978731,C[C@H]1CN(Cc2ccccc2)c2ccccc2[C@H](C)N1C(=O)NCc1ccccc1,340.0,active
CHEMBL3899264,C[C@@H]1C(=O)N(Cc2ccccc2)c2ccccc2[C@H](C)N1C(=O)NCc1ccccc1,682.0,active
CHEMBL3970445,C[C@@H]1CN(Cc2ccccc2)c2ccccc2C(=O)N1CCc1ccccc1,618.0,active
CHEMBL3951718,C[C@@H]1c2ccccc2N(Cc2ccccc2)C[C@H](C)N1C(=O)NCc1ccccc1,358.0,active
CHEMBL3913893,C[C@@H]1CN(Cc2ccccc2)c2ccccc2[C@H](C)N1C(=O)NCc1ccccc1,17.0,active
CHEMBL3934860,COc1ccc(CNC(=O)N2[C@H](C)CN(Cc3ccccc3)c3ccccc3[C@@H]2C)cc1,14.0,active
CHEMBL3889862,C[C@@H]1CN(Cc2ccccc2)c2ccccc2[C@H](C)N1C(=O)Nc1cccnc1,61.0,active
CHEMBL3977114,C[C@@H]1CN(Cc2ccccc2)c2ccccc2[C@H](C)N1C(=O)N1CCOCC1,58.0,active
CHEMBL3898772,C[C@@H]1CN(Cc2ccccc2)c2ccccc2[C@H](C)N1C(=O)NC1COC1,61.0,active
CHEMBL3941448,C[C@@H]1CN(Cc2ccccc2)c2ccccc2[C@H](C)N1C(=O)CCc1cccnc1,38.0,active
CHEMBL3979902,C[C@@H]1CN(Cc2ccccc2)c2ccccc2[C@H](C)N1C(=O)C1CCOCC1,47.0,active
CHEMBL3950196,C[C@@H]1CN(Cc2ccccc2)c2ccccc2[C@H](C)N1C(=O)Cc1cncs1,55.0,active
CHEMBL3984489,C[C@@H]1CN(Cc2ccccc2)c2ccccc2[C@H](C)N1C(=O)CN1CCOCC1,51.0,active
CHEMBL3923527,C[C@@H]1CN(Cc2ccccc2)c2ccccc2[C@H](C)N1S(=O)(=O)c1cn(C)cn1,1490.0,intermediate
CHEMBL3951240,C[C@@H]1CN(Cc2ccccc2)c2ccccc2[C@H](C)N1C(=O)N(C)Cc1ccccc1,835.0,active
CHEMBL3936568,C[C@@H]1CN(Cc2ccccc2)c2ccccc2[C@H](C)N1C(=O)OCc1ccccc1,841.0,active
CHEMBL3974744,C[C@@H]1CN(Cc2ccccc2)c2ccccc2[C@H](C)N1CC1CCOCC1,7410.0,intermediate
CHEMBL3924174,C[C@@H]1CN(Cc2ccccc2F)c2ccccc2[C@H](C)N1C(=O)Nc1cccnc1,11.0,active
CHEMBL3896161,C[C@@H]1CN(Cc2cccc(F)c2)c2ccccc2[C@H](C)N1C(=O)Nc1cccnc1,14.0,active
CHEMBL3897240,C[C@@H]1CN(Cc2ccc(F)cc2)c2ccccc2[C@H](C)N1C(=O)Nc1cccnc1,31.0,active
CHEMBL3968363,C[C@@H]1CN(Cc2ccc(F)c(F)c2)c2ccccc2[C@H](C)N1C(=O)Nc1cccnc1,18.0,active
CHEMBL3906199,C[C@@H]1CN(Cc2cccc(F)c2F)c2ccccc2[C@H](C)N1C(=O)NCc1ccccc1,9.0,active
CHEMBL3976890,C[C@@H]1CN(Cc2ccccn2)c2ccccc2[C@H](C)N1C(=O)NCc1ccccc1,479.0,active
CHEMBL3950824,C[C@@H]1CN(Cc2cccnc2)c2ccccc2[C@H](C)N1C(=O)NCc1ccccc1,500.0,active
CHEMBL3923097,C[C@@H]1CN(Cc2ccncc2)c2ccccc2[C@H](C)N1C(=O)NCc1ccccc1,8580.0,intermediate
CHEMBL3949063,C[C@@H]1CN(Cc2cccc(C(F)(F)F)n2)c2ccccc2[C@H](C)N1C(=O)NCc1ccccc1,42.0,active
CHEMBL3978193,C[C@@H]1CN(Cc2cccnc2F)c2ccccc2[C@H](C)N1C(=O)NCc1ccccc1,49.0,active
CHEMBL3940280,COc1ccc(CN2C[C@@H](C)N(C(=O)NCc3ccccc3)[C@@H](C)c3ccccc32)cn1,33.0,active
CHEMBL3969822,C[C@@H]1CN(Cc2ccc(C(F)(F)F)o2)c2ccccc2[C@H](C)N1C(=O)NCc1ccccc1,13.0,active
CHEMBL3931239,C[C@@H]1CN(Cc2ccc(C(F)(F)F)o2)c2ccccc2[C@H](C)N1C(=O)Nc1cccnc1,14.0,active
CHEMBL3918060,C[C@@H]1CN(Cc2cnc(C(F)(F)F)s2)c2ccccc2[C@H](C)N1C(=O)NCc1ccccc1,15.0,active
CHEMBL3972616,C[C@@H]1CN(Cc2cnc(C(F)(F)F)s2)c2ccccc2[C@H](C)N1C(=O)Nc1cccnc1,42.0,active
CHEMBL3950065,CCN1C[C@@H](C)N(C(=O)NCc2ccccc2)[C@@H](C)c2ccccc21,922.0,active
CHEMBL3985310,CC(C)CCN1C[C@@H](C)N(C(=O)Nc2cccnc2)[C@@H](C)c2ccccc21,91.0,active
CHEMBL3915547,C[C@@H]1CN(CC2CCCC2)c2ccccc2[C@H](C)N1C(=O)Nc1cccnc1,62.0,active
CHEMBL3948466,C[C@@H]1CN(CC2CCCCO2)c2ccccc2[C@H](C)N1C(=O)Nc1cccnc1,2670.0,intermediate
CHEMBL3977684,C[C@@H]1CN(CCOC(C)(C)C)c2ccccc2[C@H](C)N1C(=O)Nc1cccnc1,91.0,active
CHEMBL3939715,C[C@@H]1CN(CCOC(C)(C)C)c2ccccc2[C@H](C)N1C(=O)NCc1ccccc1,44.0,active
CHEMBL3969267,C[C@@H]1CN(c2ccccc2)c2ccccc2[C@H](C)N1C(=O)NCc1ccccc1,209.0,active
CHEMBL3930700,C[C@@H]1CN(C(=O)c2ccccc2)c2ccccc2[C@H](C)N1C(=O)NCc1ccccc1,11550.0,inactive
CHEMBL3958186,C[C@@H]1CN(S(=O)(=O)c2ccccc2)c2ccccc2[C@H](C)N1C(=O)Nc1cccnc1,4695.0,intermediate
CHEMBL3921765,[2H]C([2H])(c1ccccc1)N1C[C@@H](C)N(C(=O)Nc2cccnc2)[C@@H](C)c2ccccc21,25.0,active
CHEMBL3949545,C[C@@H]1CNc2ccccc2[C@H](C)N1C(=O)NCc1ccccc1,10700.0,inactive
CHEMBL3984761,C[C@@H]1CN(Cc2ccccc2)c2cccc(F)c2[C@H](C)N1C(=O)Nc1cccnc1,52.0,active
CHEMBL3914936,C[C@@H]1CN(Cc2ccccc2)c2ccc(F)cc2[C@H](C)N1C(=O)Nc1cccnc1,112.0,active
CHEMBL3936835,C[C@@H]1CN(Cc2ccccc2)c2cc(F)ccc2[C@H](C)N1C(=O)Nc1cccnc1,12.0,active
CHEMBL3908881,C[C@@H]1CN(Cc2ccccc2)c2c(F)cccc2[C@H](C)N1C(=O)Nc1cccnc1,205.0,active
CHEMBL3945715,C[C@@H]1CN(Cc2ccccc2)c2cc(F)cc(F)c2[C@H](C)N1C(=O)Nc1cccnc1,22.0,active
CHEMBL3917820,COc1cccc2c1[C@H](C)N(C(=O)Nc1cccnc1)[C@H](C)CN2Cc1ccccc1,305.0,active
CHEMBL3925393,COc1ccc2c(c1)[C@H](C)N(C(=O)Nc1cccnc1)[C@H](C)CN2Cc1ccccc1,530.0,active
CHEMBL3947185,COc1ccc2c(c1)N(Cc1ccccc1)C[C@@H](C)N(C(=O)Nc1cccnc1)[C@H]2C,1600.0,intermediate
CHEMBL3927837,COc1cccc2c1N(Cc1ccccc1)C[C@@H](C)N(C(=O)Nc1cccnc1)[C@H]2C,6500.0,intermediate
CHEMBL3899835,COc1cc2c(cc1F)N(Cc1ccccc1)C[C@@H](C)N(C(=O)Nc1cccnc1)[C@H]2C,414.0,active
CHEMBL3974104,C[C@@H]1CN(Cc2ccccc2)c2cc(Br)ccc2[C@H](C)N1C(=O)Nc1cccnc1,428.0,active
CHEMBL3944657,C[C@@H]1CN(Cc2ccccc2)c2cc(C#N)ccc2[C@H](C)N1C(=O)Nc1cccnc1,860.0,active
CHEMBL3974827,C[C@@H]1CN(Cc2ccccc2)c2cc(OCC(F)(F)F)ccc2[C@H](C)N1C(=O)Nc1cccnc1,790.0,active
CHEMBL3903942,Cc1ccc2c(c1)N(Cc1ccccc1)C[C@@H](C)N(C(=O)Nc1cccnc1)[C@H]2C,231.0,active
CHEMBL3982832,C[C@@H]1CN(Cc2ccccc2)c2cc(S(C)(=O)=O)ccc2[C@H](C)N1C(=O)Nc1cccnc1,8000.0,intermediate
CHEMBL3912958,C[C@@H]1CN(Cc2ccccc2)c2cccc(F)c2[C@H](C)N1C(=O)CCc1cccnc1,52.0,active
CHEMBL3916048,CC(C)CCN1C[C@@H](C)N(C(=O)CCc2cccnc2)[C@@H](C)c2ccccc21,62.0,active
CHEMBL3921940,CC(C)CCN1C[C@@H](C)N(C(=O)CCc2cccnc2)[C@@H](C)c2c(F)cccc21,66.0,active
CHEMBL3902886,C[C@@H]1CN(Cc2cnc(C(F)(F)F)s2)c2ccccc2[C@H](C)N1C(=O)CCc1cccnc1,30.0,active
CHEMBL3930876,C[C@@H]1CN(Cc2cnc(C(F)(F)F)s2)c2cccc(F)c2[C@H](C)N1C(=O)CCc1cccnc1,93.0,active
CHEMBL3926201,C[C@@H]1CN(Cc2ccccc2)c2cccc(F)c2[C@H](C)N1C(=O)NC1COC1,59.0,active
CHEMBL3963167,C[C@@H]1CN(Cc2ccccc2)c2cccnc2[C@H](C)N1C(=O)NCc1ccccc1,212.0,active
CHEMBL3952497,C[C@@H]1CN(Cc2ccccc2)c2ccncc2[C@H](C)N1C(=O)NCc1ccccc1,11000.0,inactive
CHEMBL3895005,C[C@@H]1CN(Cc2ccccc2)c2cnccc2[C@H](C)N1C(=O)NCc1ccccc1,236.0,active
CHEMBL3943761,C[C@@H]1CN(Cc2ccccc2)c2ncccc2[C@H](C)N1C(=O)NCc1ccccc1,31.0,active
CHEMBL3915799,C[C@@H]1CN(Cc2ccccc2)c2nc(Cl)ccc2[C@H](C)N1C(=O)NCc1ccccc1,36.0,active
CHEMBL3934795,C[C@@H]1CN(Cc2ccccc2)c2ncc(Cl)cc2[C@H](C)N1C(=O)NCc1ccccc1,68.0,active
CHEMBL3906825,C[C@@H]1CN(Cc2ccccc2)c2nc(F)ccc2[C@H](C)N1C(=O)NCc1ccccc1,6.0,active
CHEMBL3925915,C[C@@H]1CN(Cc2ccccc2)c2ncc(F)cc2[C@H](C)N1C(=O)NCc1ccccc1,95.0,active
CHEMBL3897825,Cc1ccc2c(n1)N(Cc1ccccc1)C[C@@H](C)N(C(=O)NCc1ccccc1)[C@H]2C,28.0,active
CHEMBL3916909,C[C@@H]1CN(Cc2ccccc2)c2nc(C(F)(F)F)ccc2[C@H](C)N1C(=O)NCc1ccccc1,104.0,active
CHEMBL3986638,C[C@@H]1CN(Cc2ccccc2)c2cnc(Cl)cc2[C@H](C)N1C(=O)NCc1ccccc1,224.0,active
CHEMBL3933865,C[C@@H]1CN(Cc2ccccc2)c2cncc(F)c2[C@H](C)N1C(=O)NCc1ccccc1,72.0,active
CHEMBL3961356,C[C@@H]1CN(Cc2ccccc2)c2nnccc2[C@H](C)N1C(=O)NCc1ccccc1,695.0,active
CHEMBL3924956,C[C@@H]1CN(Cc2ccccc2)c2cncnc2[C@H](C)N1C(=O)NCc1ccccc1,6400.0,intermediate
CHEMBL3952664,C[C@@H]1CN(Cc2ccccc2)c2c(cnn2C)[C@H](C)N1C(=O)NCc1ccccc1,7300.0,intermediate
CHEMBL3951580,C[C@@H]1CN(Cc2ccccc2)c2cnccc2[C@H](C)N1C(=O)CCc1ccc(F)cc1,225.0,active
CHEMBL3980491,[2H]C([2H])(c1ccccc1)N1C[C@@H](C)N(C(=O)NCc2ccccc2)[C@@H](C)c2ccncc21,230.0,active
CHEMBL3942836,C[C@@H]1CN(Cc2cccc(F)c2F)c2cnccc2[C@H](C)N1C(=O)NCc1ccccc1,72.0,active
CHEMBL3972450,C[C@@H]1CN(Cc2ccccc2F)c2cnccc2[C@H](C)N1C(=O)NCc1ccccc1,95.0,active
CHEMBL3956823,COc1ccc(CNC(=O)N2[C@H](C)CN(Cc3ccccc3)c3cnccc3[C@@H]2C)cc1,48.0,active
CHEMBL3926060,C[C@@H]1CN(Cc2ccc(C(F)(F)F)o2)c2cnccc2[C@H](C)N1C(=O)NCc1ccccc1,44.0,active
CHEMBL3938021,COc1ccc(CNC(=O)N2[C@H](C)CN(Cc3ccc(C(F)(F)F)o3)c3cnccc3[C@@H]2C)cc1,24.0,active
CHEMBL3910085,COc1ccc(CNC(=O)N2[C@H](C)CN(CCC(C)C)c3cnccc3[C@@H]2C)cc1,55.0,active
CHEMBL3917185,C[C@@H]1CN(Cc2ccccc2)c2cnccc2[C@H](C)N1C(=O)Nc1cccnc1,860.0,active
CHEMBL3919009,[2H]C([2H])(c1ccccc1)N1C[C@@H](C)N(C(=O)Nc2cccnc2)[C@@H](C)c2ccncc21,815.0,active
CHEMBL3898062,C[C@@H]1CN(Cc2ccccc2)c2cncc(F)c2[C@H](C)N1C(=O)Nc1cccnc1,240.0,active
CHEMBL3927924,CC(C)CCN1C[C@@H](C)N(C(=O)Nc2cccnc2)[C@@H](C)c2ccncc21,604.0,active
CHEMBL3895005,C[C@@H]1CN(Cc2ccccc2)c2cnccc2[C@H](C)N1C(=O)NCc1ccccc1,102.0,active
CHEMBL3966325,C[C@@H]1c2ccncc2N(Cc2ccccc2)C[C@H](C)N1C(=O)NCc1ccccc1,11000.0,inactive
CHEMBL3973288,CC(C)Cc1cc(CNS(=O)(=O)c2cccc(F)c2)nn1-c1ccccc1,2080.0,intermediate
CHEMBL3902262,CC(C)Cc1cc(CNS(=O)(=O)c2ccccc2)nn1-c1ccccc1,5800.0,intermediate
CHEMBL3946960,CC(C)Cc1cc(CNS(=O)(=O)c2ccc(Cc3ccccc3)cc2)nn1-c1ccccc1,9010.0,intermediate
CHEMBL3919158,CC(C)Cc1cc(CNS(=O)(=O)c2ccc(CCc3ccccc3)cc2)nn1-c1ccccc1,14600.0,inactive
CHEMBL4081641,CCOC(=O)C1=C(C)NC(=O)N(CCC(=O)N/N=C/c2ccccc2)C1c1cccc([N+](=O)[O-])c1,3390.0,intermediate
CHEMBL4077901,CCOC(=O)C1=C(C)NC(=O)N(CCC(=O)NNC(=S)NC(c2ccccc2)c2ccccc2)C1c1cccc([N+](=O)[O-])c1,340.0,active
CHEMBL2386850,Cc1cc(Oc2cncnc2)cc(C(=O)Nc2ccc(F)cn2)n1,100000.0,inactive
CHEMBL3144390,CN(C)CCCCCN(C)C1=Nc2ccccc2C(CC(=O)NCc2ccccc2)N1c1ccc(-c2ccccc2)cc1.Cl.Cl,3600.0,intermediate
CHEMBL4076211,O=C(CC1c2ccccc2N=C(N2CCN(CCN3CCCC3)CC2)N1c1ccc(-c2ccccc2)cc1)NCc1ccc(F)cc1,5100.0,intermediate
CHEMBL4061274,CN(C)CCCCCN(C)C1=Nc2c(F)cc(F)cc2C(CC(=O)NCc2ccccc2)N1c1ccc(-c2ccccc2)cc1,5600.0,intermediate
CHEMBL4102649,CC(C)c1cc(CN2Cc3ccccc3S2(=O)=O)nn1-c1ccc(F)cc1,2320.0,intermediate
CHEMBL4075532,CC(C)c1cc(CN2Cc3ccccc3S2(=O)=O)nn1-c1ccccc1,2520.0,intermediate
CHEMBL4077394,Cc1c(CNS(=O)(=O)c2ccccc2)nn(-c2ccccc2)c1CC(C)C,4300.0,intermediate
CHEMBL3902262,CC(C)Cc1cc(CNS(=O)(=O)c2ccccc2)nn1-c1ccccc1,5800.0,intermediate
CHEMBL4080064,CC(C)c1cc(CN2Cc3ccccc3S2(=O)=O)nn1C(C)(C)C,3690.0,active
CHEMBL4211831,COc1ccccc1CNC(=O)c1nn(C)c2c1C[C@@H]1[C@H]2C1(C)C,5800.0,active
CHEMBL4216796,O=C(NCc1ccccc1)c1cc(-c2ccccc2)n(-c2ccccc2)n1,510.0,active
CHEMBL4207469,O=C(NCc1ccccc1F)c1cc(-c2ccccc2)n(-c2ccccc2)n1,1900.0,intermediate
CHEMBL4212371,O=C(NCc1ccccc1OCC(F)(F)F)c1cc(-c2ccccc2)n(-c2ccccc2)n1,1000.0,intermediate
CHEMBL4205006,O=C(NCc1ccccc1OCC(F)(F)F)c1nn(Cc2ccccc2)c(-c2ccccc2)c1Br,1450.0,intermediate
CHEMBL4209876,O=C(NCc1ccccc1OCC(F)(F)F)c1nn(-c2ccccc2F)c(-c2ccccc2)c1Br,300.0,active
CHEMBL4211241,O=C(NCc1ccccc1OCC(F)(F)F)c1nn(-c2cccc(F)c2)c(-c2ccccc2)c1Br,580.0,active
CHEMBL4206356,O=C(NCc1ccccc1OCC(F)(F)F)c1nn(-c2ccc(F)cc2)c(-c2ccccc2)c1Br,410.0,active
CHEMBL4215680,Cn1nc(C(=O)NCc2ccccc2OCC(F)(F)F)c(Br)c1-c1ccccc1,220.0,active
CHEMBL4210724,O=C(NCc1ccccc1OCC(F)(F)F)c1nn(CC(F)(F)F)c(-c2ccccc2)c1Br,890.0,active
CHEMBL4209062,O=C(NCc1ccccc1OCC(F)(F)F)c1nn(Cc2ccccc2)c(-c2ccccc2)c1C(F)F,170.0,active
CHEMBL4214199,O=C(NCc1ccccc1OCC(F)(F)F)c1nn(-c2ccccc2F)c(-c2ccccc2)c1C(F)F,1100.0,active
CHEMBL4206873,O=C(NCc1ccccc1OCC(F)(F)F)c1nn(-c2cccc(F)c2)c(-c2ccccc2)c1C(F)F,1500.0,active
CHEMBL4218615,O=C(NCc1ccccc1OCC(F)(F)F)c1nn(-c2ccc(F)cc2)c(-c2ccccc2)c1C(F)F,5000.0,active
CHEMBL4211471,Cn1nc(C(=O)NCc2ccccc2OCC(F)(F)F)c(C(F)F)c1-c1ccccc1,370.0,active
CHEMBL4207289,O=C(NCc1ccccc1OCC(F)(F)F)c1nn(CC(F)(F)F)c(-c2ccccc2)c1C(F)F,600.0,active
CHEMBL4204051,O=C(NCc1ccccc1OCC(F)(F)F)c1nn(-c2ccccc2F)c(C2CC2)c1Br,290.0,active
CHEMBL4215724,CCc1c(Br)c(C(=O)NCc2ccccc2OCC(F)(F)F)nn1-c1ccccc1,380.0,active
CHEMBL4208390,O=C(NCc1ccccc1-n1cccn1)c1nn(-c2ccccc2)c(-c2ccccc2)c1Br,400.0,active
CHEMBL4203516,O=C(NCc1ncccc1OCC(F)(F)F)c1nn(-c2ccccc2)c(-c2ccccc2)c1Br,380.0,intermediate
CHEMBL4211809,O=C(NCc1cccnc1OCC(F)(F)F)c1nn(-c2ccccc2)c(-c2ccccc2)c1Br,600.0,active
CHEMBL4206919,O=C(NCc1ccccc1OCC(F)(F)F)c1nn(-c2ccccc2)c(-c2ccccc2)c1Br,350.0,active
CHEMBL4211289,O=C(NCc1ccccc1OCC(F)(F)F)c1nn(-c2ccccc2)c(-c2ccccc2)c1CO,410.0,active
CHEMBL4204992,O=C(NCc1ccccc1OCC(F)(F)F)c1nn(-c2ccccc2)c(-c2ccccc2)c1C(F)F,820.0,active
CHEMBL4216669,C=Cc1c(C(=O)NCc2ccccc2OCC(F)(F)F)nn(-c2ccccc2)c1-c1ccccc1,850.0,active
CHEMBL4213393,O=C(NCc1ccccc1OCC(F)(F)F)c1nn(-c2ccccc2)c(-c2ccccc2)c1CCO,310.0,intermediate
CHEMBL4209001,CCNCCc1c(C(=O)NCc2ccccc2OCC(F)(F)F)nn(-c2ccccc2)c1-c1ccccc1,280.0,active
CHEMBL4205063,O=C(NCc1ccccc1OCC(F)(F)F)c1nn(-c2ccccc2)c(-c2ccccc2)c1CCNC1CC1,590.0,active
CHEMBL4204657,CCN(CC)CCc1c(C(=O)NCc2ccccc2OCC(F)(F)F)nn(-c2ccccc2)c1-c1ccccc1,2150.0,active
CHEMBL4207112,Cc1sc(C(=O)NCc2ccccc2Cl)c2c1[C@@H]1[C@H](C2)C1(C)C,670.0,active
CHEMBL4207625,Cc1ccccc1CNC(=O)c1sc(C)c2c1C[C@H]1[C@@H]2C1(C)C,990.0,active
CHEMBL4202762,Cc1sc(C(=O)NCc2ccccc2C(F)(F)F)c2c1[C@@H]1[C@H](C2)C1(C)C,61.0,active
CHEMBL4203292,Cc1sc(C(=O)NCc2cccc(C(F)(F)F)c2)c2c1[C@@H]1[C@H](C2)C1(C)C,530.0,active
CHEMBL4214944,Cc1sc(C(=O)NCc2cccc(OC(F)(F)F)c2)c2c1[C@@H]1[C@H](C2)C1(C)C,370.0,active
CHEMBL4213521,Cc1ccc(CNC(=O)c2sc(C)c3c2C[C@H]2[C@@H]3C2(C)C)cc1,1300.0,active
CHEMBL4209762,CCOCc1ccc(CNC(=O)c2sc(C)c3c2C[C@H]2[C@@H]3C2(C)C)cc1,160.0,active
CHEMBL4204934,COCc1ccccc1CNC(=O)c1sc(Br)c2c1CCC(C)(C)C2,25.0,active
CHEMBL4215557,CCOc1ccccc1CNC(=O)c1sc(Br)c2c1CCC(C)(C)C2,64.0,active
CHEMBL4210633,CCOCc1ccccc1CNC(=O)c1sc(Br)c2c1CCC(C)(C)C2,39.0,active
CHEMBL4206884,CC(C)Oc1ccccc1CNC(=O)c1sc(Br)c2c1CCC(C)(C)C2,340.0,active
CHEMBL4217576,COCc1ccc(CNC(=O)c2sc(Br)c3c2CCC(C)(C)C3)cc1,470.0,active
CHEMBL4213830,CCOc1ccccc1CNC(=O)c1c2c(c(Cl)n1C)CC(C)(C)CC2,21.0,active
CHEMBL4202587,CC(C)OCc1ccccc1CNC(=O)c1c2c(c(Cl)n1C)CC(C)(C)CC2,6.6,active
CHEMBL4215213,CCOCc1ccccc1CNC(=O)c1c2c(c(Cl)n1C)CC(C)(C)CC2,21.0,active
CHEMBL4216897,Cn1c(Cl)c2c(c1C(=O)NCc1ccccc1OCCC(F)(F)F)CCC(C)(C)C2,42.0,active
CHEMBL4212744,Cn1c(Cl)c2c(c1C(=O)NCc1ccccc1OCC(F)(F)F)CCC(C)(C)C2,21.0,active
CHEMBL4205453,Cn1c(Cl)c2c(c1C(=O)NCc1ccccc1Cn1cccn1)CCC(C)(C)C2,12.0,active
CHEMBL4217174,Cn1c(Cl)c2c(c1C(=O)NCc1ccccc1Cn1cncn1)CCC(C)(C)C2,38.0,active
CHEMBL4211734,Cn1c(Cl)c2c(c1C(=O)NCc1ncccc1OCC(F)(F)F)CCC(C)(C)C2,23.0,active
CHEMBL4204013,Cn1c(Cl)c2c(c1C(=O)NCc1ccncc1OCC(F)(F)F)CCC(C)(C)C2,110.0,active
CHEMBL4213286,Cn1c(Cl)c2c(c1C(=O)NCc1cccnc1OCC(F)(F)F)CCC(C)(C)C2,39.0,active
CHEMBL4208356,Cn1c(Cl)c2c(c1C(=O)NCc1ncccc1N1CC[C@H](F)C1)CCC(C)(C)C2,56.0,active
CHEMBL4216691,Cc1onc(CNC(=O)c2c3c(c(Cl)n2C)CC(C)(C)CC3)c1Cn1cccn1,25.0,active
CHEMBL4203828,Cn1cc2c(c1C(=O)NCc1cccnc1OCC(F)(F)F)CCC(C)(C)C2,330.0,inactive
CHEMBL4206268,Cn1c(C#N)c2c(c1C(=O)NCc1cccnc1OCC(F)(F)F)CCC(C)(C)C2,65.0,active
CHEMBL4211150,Cn1c(C(=O)NCc2cccnc2OCC(F)(F)F)c2c(c1C(F)(F)F)CC(C)(C)CC2,110.0,active
CHEMBL4210625,Cn1c(C#N)c2c(c1C(=O)NCc1ncccc1OCC(F)(F)F)CCC(C)(C)C2,33.0,active
CHEMBL4215580,CC(C)COc1ccccc1CNC(=O)c1c2c(c(Cl)n1C)CCC(C)(C)C2,55.0,active
CHEMBL4214109,CC(C)COc1ccccc1CNC(=O)c1c2c(c(Cl)n1C)C[C@H](C)[C@@H](C)C2,20.0,active
CHEMBL4202418,CC(C)COc1ccccc1CNC(=O)c1c2c(c(Cl)n1C)CC(C(F)(F)F)CC2,21.0,active
CHEMBL4218528,CC(C)COc1ccccc1CNC(=O)c1c2c(c(Cl)n1C)CCC2,27.0,active
CHEMBL4206782,CC(C)COc1ccccc1CNC(=O)c1c2c(c(Cl)n1C)CN(C(=O)OC(C)(C)C)C2,370.0,active
CHEMBL4205329,CC(C)COc1ccccc1CNC(=O)c1c2c(c(Cl)n1C)CNC2,10000.0,active
CHEMBL4210232,CCc1c(C)c(Cl)n(C)c1C(=O)NCc1ccccc1OCC(C)C,27.0,active
CHEMBL4213589,CCc1c(C)c(C(=O)NCc2ccccc2OCC(C)C)n(C)c1Cl,21.0,active
CHEMBL4209272,CC(C)COc1ccccc1CNC(=O)c1c(Cl)c(C2CC2)c(Cl)n1C,240.0,active
CHEMBL4202587,CC(C)OCc1ccccc1CNC(=O)c1c2c(c(Cl)n1C)CC(C)(C)CC2,130.0,active
CHEMBL4207979,Cn1c(=O)oc2cc(CC(=O)Nc3ccn(Cc4ccc(F)c(F)c4)n3)ccc21,15.0,active
CHEMBL4212039,O=C(Cc1ccc2cc[nH]c2c1)Nc1ccn(Cc2ccc(F)c(F)c2)n1,5.3,active
CHEMBL4207159,O=C(Cc1ccc2[nH]ccc2c1)Nc1ccn(Cc2ccc(F)c(F)c2)n1,14.0,active
CHEMBL4203847,Cn1ncc2cc(CC(=O)Nc3ccn(Cc4ccc(F)c(F)c4)n3)ccc21,8.4,active
CHEMBL4211522,Cn1cnc2ccc(CC(=O)Nc3ccn(Cc4ccc(F)c(F)c4)n3)cc21,120.0,intermediate
CHEMBL4204295,Cn1ccc2cc(CC(=O)Nc3ccn(Cc4ccc(F)c(F)c4)n3)cnc21,35.0,active
CHEMBL4215974,CC1(c2ccc(CC(=O)Nc3ccn(Cc4ccc(F)c(F)c4)n3)cc2)COC1,4.3,active
CHEMBL4208626,O=C(Cc1ccc(C2(F)COC2)cc1)Nc1ccn(Cc2ccc(F)c(F)c2)n1,13.0,inactive
CHEMBL4203748,CC1(C)OCC(c2ccc(CC(=O)Nc3ccn(Cc4ccc(F)c(F)c4)n3)cc2)O1,10.0,active
CHEMBL4211105,O=C(Cc1ccc(OC2CC(F)(F)C2)cc1)Nc1ccn(Cc2ccc(F)c(F)c2)n1,11.0,active
CHEMBL4206219,CC1(COc2ccc(CC(=O)Nc3ccn(Cc4ccc(F)c(F)c4)n3)cc2)COC1,34.0,active
CHEMBL4204873,O=C(Cc1ccc(OC2COC2)cc1)Nc1ccn(Cc2ccc(F)c(F)c2)n1,32.0,active
CHEMBL4209751,CC(C(=O)Nc1ccn(Cc2ccc(F)cc2)n1)c1ccc(N(C)C)cc1,44.0,active
CHEMBL4217085,COc1ccc(C2(C(=O)Nc3ccn(Cc4ccccc4)n3)CC2)cc1,2100.0,active
CHEMBL4205371,CN(C)c1ccc(Cc2nc3cn(Cc4ccc(F)cc4)nc3[nH]2)cc1,160.0,active
CHEMBL4213632,CC(C)c1ccc(Cc2nnc(-c3ccn(Cc4ccc(F)c(F)c4)n3)[nH]2)cc1,260.0,active
CHEMBL4218567,CC(C)c1ccc(-c2nc(-c3ccn(Cc4ccc(F)c(F)c4)n3)no2)cc1,10000.0,active
CHEMBL4209235,CC(C)c1ccc(CC(=O)NCc2ccn(Cc3ccc(F)c(F)c3)n2)cc1,160.0,active
CHEMBL4206470,CC(C)c1ccc(CC(=O)NC(C)c2ccn(Cc3ccc(F)c(F)c3)n2)cc1,140.0,active
CHEMBL4203931,CC(C)c1ccc(CNC(=O)c2ccn(Cc3ccc(F)c(F)c3)n2)cc1,74.0,active
CHEMBL4208810,O=C(NCc1ccc2[nH]ccc2c1)c1ccn(Cc2ccc(F)c(F)c2)n1,330.0,active
CHEMBL4213283,O=C(NCc1ccc(C2(F)COC2)cc1)c1ccn(Cc2ccc(F)c(F)c2)n1,100.0,active
CHEMBL4218220,O=C(NCc1ccc(N2CCC(F)(F)C2)nc1)c1ccn(Cc2ccc(F)c(F)c2)n1,30.0,active
CHEMBL4217691,Cn1ncc2cc(CNC(=O)c3cnn(Cc4ccc(F)c(F)c4)n3)ccc21,90.0,active
CHEMBL4205975,O=C(NCc1ccc(N2CCCC2)nc1)c1coc(Cc2ccc(OC(F)(F)F)cc2)n1,30.0,active
CHEMBL4205450,CN(C)c1ccc(CNC(=O)c2csc(Cc3ccc(F)c(F)c3)n2)cc1,100.0,active
CHEMBL4210341,CN(C)c1ccc(CNC(=O)c2nc(Cc3ccc(F)c(F)c3)cs2)cc1,71.0,active
CHEMBL4209481,Cn1ncc2cc(CC(=O)Nc3cnn(Cc4ccc(F)c(F)c4)n3)ccc21,8.6,active
CHEMBL4205754,CC(C)(C)c1ccc(CC(=O)Nc2ncn(Cc3ccc(F)c(F)c3)n2)cc1,31.0,active
CHEMBL4216756,CC(C)c1ccc(CC(=O)Nc2nc(Cc3ccc(F)c(F)c3)cs2)cc1,22.0,active
CHEMBL4205068,Cn1ncc2cc(CC(=O)Nc3nn(Cc4ccc(F)c(F)c4)cc3C#N)ccc21,21.0,active
CHEMBL4218608,CC(C)(C)c1ccc(CC(=O)Nc2ccn(Cc3ccc(C#N)cn3)n2)cc1,7.5,active
CHEMBL4217292,N#Cc1ccc(Cn2ccc(NC(=O)Cc3ccc(C4(C(F)(F)F)CC4)cc3)n2)nc1,18.0,active
CHEMBL4208907,Cc1cc(CC(=O)Nc2ccn(Cc3ccc(C#N)cn3)n2)ccc1OCC(F)(F)F,7.0,active
CHEMBL4204573,Cc1cc(CC(=O)Nc2ccn(Cc3ccc(C#N)cn3)n2)ccc1OCCC(F)(F)F,18.0,active
CHEMBL4212176,Cc1cc(CC(=O)Nc2ccn(Cc3ccc(C#N)cn3)n2)ccc1OC(F)(F)F,25.0,active
CHEMBL4207291,CCc1cc(CC(=O)Nc2ccn(Cc3ccc(C#N)cn3)n2)ccc1OCC(F)(F)F,7.8,active
CHEMBL4211644,O=C(Cc1cccc(Cl)c1)Nc1ccn(Cc2ccccc2)n1,750.0,active
CHEMBL4203101,CN1C(=O)C(C)(C)c2cc(CC(=O)Nc3ccn(Cc4ccc(F)c(F)c4)n3)ccc21,3.8,active
CHEMBL4202684,O=C(Cc1ccc(C2CC2)nc1)Nc1ccn(Cc2ccc(F)c(F)c2)n1,220.0,active
CHEMBL4214341,O=C(Cc1ccc(OCC(F)(F)F)nc1)Nc1ccn(Cc2ccc(F)c(F)c2)n1,140.0,intermediate
CHEMBL4214862,O=C(Cc1ccc(N2CCC(F)(F)C2)nc1)Nc1ccn(Cc2ccc(F)c(F)c2)n1,6.7,inactive
CHEMBL4209946,O=C(Cc1ccc(N2CC[C@H](F)C2)nc1)Nc1ccn(Cc2ccc(F)c(F)c2)n1,21.0,inactive
CHEMBL4211393,CN(C)c1ccc(CC(=O)Nc2ccn(Cc3ccc(F)c(F)c3)n2)cn1,46.0,active
CHEMBL4206509,O=C(Cc1ccc(C2CC(F)(F)C2)cc1)Nc1ccn(Cc2ccc(F)c(F)c2)n1,6.1,active
CHEMBL4207031,CC(C)c1ccc(CC(=O)Nc2ccn(Cc3ccc(F)c(F)c3)n2)cc1,6.0,active
CHEMBL4205399,CC(C)c1ccc(CC(=O)Nc2ccn(CC3CCC(F)(F)CO3)n2)cc1,14.0,active
CHEMBL4205399,CC(C)c1ccc(CC(=O)Nc2ccn(CC3CCC(F)(F)CO3)n2)cc1,5.5,active
CHEMBL4210292,CC(C)c1ccc(CC(=O)Nc2ccn(CCOCC(F)(F)F)n2)cc1,62.0,active
CHEMBL4208838,CN(C)c1ccc(CC(=O)Nc2ccn(-c3ccccc3)n2)cc1,6300.0,active
CHEMBL4213764,CN(C)c1ccc(CC(=O)Nc2ccn(Cc3ccc(N4CCCC4=O)cc3)n2)cc1,10000.0,active
CHEMBL4213226,CC(=O)Nc1ccc(Cn2ccc(NC(=O)Cc3ccc(N(C)C)cc3)n2)cc1,10000.0,active
CHEMBL4218161,CN(C)c1ccc(CC(=O)Nc2ccn(Cc3ccc(C#N)c(F)c3)n2)cc1,14.0,active
CHEMBL4216687,COc1c(F)cc(Cn2ccc(NC(=O)Cc3ccc(N(C)C)cc3)n2)cc1F,7.8,active
CHEMBL4205005,CN(C)c1ccc(CC(=O)Nc2ccn(Cc3ccc(F)c(F)c3)n2)cc1,3.4,active
CHEMBL4204507,CN(C)c1ccc(CC(=O)Nc2ccn(Cc3ccc(OC(F)(F)F)cc3)n2)cc1,5.1,inactive
CHEMBL4209376,CN(C)c1ccc(CC(=O)Nc2ccn(Cc3ccc(OC(F)F)cc3)n2)cc1,10.0,active
CHEMBL4204611,CN(C)c1ccc(CC(=O)Nc2ccn(Cc3ccc(C#N)cc3)n2)cc1,20.0,active
CHEMBL4216279,COc1ccc(Cn2ccc(NC(=O)Cc3ccc(N(C)C)cc3)n2)cc1,47.0,active
CHEMBL4208950,CN(C)c1ccc(CC(=O)Nc2ccn(Cc3ccc(F)cc3)n2)cc1,12.0,active
CHEMBL4204077,CN(C)c1ccc(CC(=O)Nc2ccn(Cc3ccc(Cl)cc3)n2)cc1,4.1,active
CHEMBL4213335,Cc1ccc(Cn2ccc(NC(=O)Cc3ccc(N(C)C)cc3)n2)cc1,10.0,active
CHEMBL4208413,Cc1cccc(Cn2ccc(NC(=O)Cc3ccc(N(C)C)cc3)n2)c1,36.0,active
CHEMBL4217744,Cc1ccccc1Cn1ccc(NC(=O)Cc2ccc(N(C)C)cc2)n1,190.0,intermediate
CHEMBL4212796,O=C(Nc1ccn(Cc2ccccc2)n1)c1ccccc1,10000.0,intermediate
CHEMBL4209075,COc1ccc(CC(=O)Nc2ccn(Cc3ccccc3)n2)cc1C,57.0,active
CHEMBL4217227,CN(C)c1ccc(CC(=O)Nc2ccn(Cc3ccccc3)n2)cc1,38.0,inactive
CHEMBL4218617,CC(C)c1ccc(CC(=O)Nc2ccn(Cc3ccccc3)n2)cc1,23.0,active
CHEMBL4206874,O=C(Cc1ccc(Cl)cc1)Nc1ccn(Cc2ccccc2)n1,280.0,inactive
CHEMBL4215146,O=C(Cc1ccc(OC(F)(F)F)cc1)Nc1ccn(Cc2ccccc2)n1,155.0,inactive
CHEMBL4203473,CCOc1ccc(CC(=O)Nc2ccn(Cc3ccccc3)n2)cc1,210.0,intermediate
CHEMBL4210726,COc1ccc(CC(=O)Nc2ccn(Cc3ccccc3)n2)cc1,610.0,inactive
CHEMBL4215681,Cc1ccccc1CC(=O)Nc1ccn(Cc2ccccc2)n1,3400.0,inactive
CHEMBL4207290,Cc1cccc(CC(=O)Nc2ccn(Cc3ccccc3)n2)c1,1040.0,inactive
CHEMBL4212175,Cc1ccc(CC(=O)Nc2ccn(Cc3ccccc3)n2)cc1,210.0,inactive
CHEMBL4202940,O=C(Cc1ccccc1)Nc1ccn(Cc2ccccc2)n1,10000.0,inactive
CHEMBL45816,COCC(=O)O[C@]1(CCN(C)CCCc2nc3ccccc3[nH]2)CCc2cc(F)ccc2[C@@H]1C(C)C,130.0,inactive
CHEMBL4215835,CC(CC(=O)O)c1cccc(-n2c(C(N)=O)cc3ccc(OC(F)(F)F)cc32)n1,33000.0,inactive
CHEMBL604710,O=C(CC(c1ccccc1)c1ccccc1)N1CCN(C(c2ccccc2)c2ccccc2)CC1,45000.0,inactive
CHEMBL4227475,CC(C)[C@H]1c2ccc(F)cc2CC[C@@]1(CCN(C)CCCc1nc2ccccc2[nH]1)OC(=O)C1CC1.Cl.Cl,2000.0,inactive
CHEMBL4228834,NCCCOc1ccc(CNc2nc3ccc(Oc4ccccc4)cc3s2)cc1.O=C(O)C(F)(F)F,1000000.0,inactive
CHEMBL4224809,NCCCOc1ccc(CNc2nc3ccc(Oc4ccc(O)cc4)cc3s2)cc1.O=C(O)C(F)(F)F,300000.0,inactive
CHEMBL4228579,NCCCOc1ccc(CNc2nc3ccc(Oc4ccc(F)cc4)cc3s2)cc1.O=C(O)C(F)(F)F,688000.0,inactive
CHEMBL4227740,NCCCOc1ccc(CNc2nc3ccc(Oc4ccc(C(F)(F)F)cc4)cc3s2)cc1.O=C(O)C(F)(F)F,112000.0,inactive
CHEMBL4224750,NCCCOc1ccc(CNc2nc3ccc(Oc4cccc(C(F)(F)F)c4)cc3s2)cc1.O=C(O)C(F)(F)F,171000.0,inactive
CHEMBL4229218,N#Cc1ccc(Oc2ccc3nc(NCc4ccc(OCCCN)cc4)sc3c2)cc1.O=C(O)C(F)(F)F,109000.0,inactive
CHEMBL4225787,N=C(N)NCCCOc1ccc(CNc2nc3ccc(Oc4ccccc4)cc3s2)cc1.O=C(O)C(F)(F)F,166000.0,inactive
CHEMBL4225014,N=C(N)NCCCOc1ccc(CNc2nc3ccc(Oc4ccc(O)cc4)cc3s2)cc1.O=C(O)C(F)(F)F,319000.0,inactive
CHEMBL4226136,N=C(N)NCCCOc1ccc(CNc2nc3ccc(Oc4ccc(F)cc4)cc3s2)cc1.O=C(O)C(F)(F)F,288000.0,inactive
CHEMBL4225288,N=C(N)NCCCOc1ccc(CNc2nc3ccc(Oc4ccc(C(F)(F)F)cc4)cc3s2)cc1.O=C(O)C(F)(F)F,195000.0,inactive
CHEMBL4225354,N=C(N)NCCCOc1ccc(CNc2nc3ccc(Oc4cccc(C(F)(F)F)c4)cc3s2)cc1.O=C(O)C(F)(F)F,270000.0,inactive
CHEMBL4229102,N#Cc1ccc(Oc2ccc3nc(NCc4ccc(OCCCNC(=N)N)cc4)sc3c2)cc1.O=C(O)C(F)(F)F,326000.0,inactive
CHEMBL4225603,CN(Cc1ccc(OCCCN)cc1)c1nc2ccc(Oc3ccccc3)cc2s1.O=C(O)C(F)(F)F,95000.0,inactive
CHEMBL4224756,CN(Cc1ccc(OCCCN)cc1)c1nc2ccc(Oc3ccc(O)cc3)cc2s1.O=C(O)C(F)(F)F,165000.0,inactive
CHEMBL4226924,CN(Cc1ccc(OCCCN)cc1)c1nc2ccc(Oc3ccc(F)cc3)cc2s1.O=C(O)C(F)(F)F,492000.0,inactive
CHEMBL4226078,CN(Cc1ccc(OCCCN)cc1)c1nc2ccc(Oc3ccc(C(F)(F)F)cc3)cc2s1.O=C(O)C(F)(F)F,248000.0,inactive
CHEMBL4225757,CN(Cc1ccc(OCCCN)cc1)c1nc2ccc(Oc3cccc(C(F)(F)F)c3)cc2s1.O=C(O)C(F)(F)F,239000.0,inactive
CHEMBL4226597,CN(Cc1ccc(OCCCN)cc1)c1nc2ccc(Oc3ccc(C#N)cc3)cc2s1.O=C(O)C(F)(F)F,328000.0,inactive
CHEMBL4225492,CN(Cc1ccc(OCCCNC(=N)N)cc1)c1nc2ccc(Oc3ccccc3)cc2s1.O=C(O)C(F)(F)F,498000.0,inactive
CHEMBL4226327,CN(Cc1ccc(OCCCNC(=N)N)cc1)c1nc2ccc(Oc3ccc(O)cc3)cc2s1.O=C(O)C(F)(F)F,332000.0,inactive
CHEMBL4225227,CN(Cc1ccc(OCCCNC(=N)N)cc1)c1nc2ccc(Oc3ccc(F)cc3)cc2s1.O=C(O)C(F)(F)F,521000.0,active
CHEMBL4226080,CN(Cc1ccc(OCCCNC(=N)N)cc1)c1nc2ccc(Oc3ccc(C(F)(F)F)cc3)cc2s1.O=C(O)C(F)(F)F,212000.0,active
CHEMBL4224963,CN(Cc1ccc(OCCCNC(=N)N)cc1)c1nc2ccc(Oc3cccc(C(F)(F)F)c3)cc2s1.O=C(O)C(F)(F)F,771000.0,active
CHEMBL4225815,CN(Cc1ccc(OCCCNC(=N)N)cc1)c1nc2ccc(Oc3ccc(C#N)cc3)cc2s1.O=C(O)C(F)(F)F,153000.0,active
CHEMBL4226804,CN(C)CCCOc1ccc(CNc2nc3ccc(Oc4ccc(F)cc4)cc3s2)cc1.O=C(O)C(F)(F)F,1000000.0,active
CHEMBL4227653,CN(C)CCCOc1ccc(CNc2nc3ccc(Oc4cccc(C(F)(F)F)c4)cc3s2)cc1.O=C(O)C(F)(F)F,110000.0,active
CHEMBL4226823,CN(C)CCCOc1ccc(CNc2nc3ccc(Oc4ccc(C#N)cc4)cc3s2)cc1.O=C(O)C(F)(F)F,41000.0,intermediate
CHEMBL4226674,CN(C)CCCOc1ccc(CN(C)c2nc3ccc(Oc4ccc(C(F)(F)F)cc4)cc3s2)cc1.O=C(O)C(F)(F)F,54000.0,active
CHEMBL4227450,CN(C)CCCOc1ccc(CN(C)c2nc3ccc(Oc4ccc(C#N)cc4)cc3s2)cc1.O=C(O)C(F)(F)F,64000.0,active
CHEMBL243148,C=C(C)[C@H](CC=C(C)C)Cc1c(O)cc(O)c2c1O[C@H](c1ccc(O)cc1O)CC2=O,1000.0,intermediate
CHEMBL376915,CC(C)=CCc1c(O)cc(O)c2c1O[C@H](c1ccc(O)cc1)CC2=O,1000.0,active
CHEMBL4240812,O=C1CC(c2ccc(O)cc2)Oc2cc(O)c(CCC3CCCC3)c(O)c21,500.0,intermediate
CHEMBL4251381,CC(C)CCc1c(O)cc2c(c1O)C(=O)CC(c1ccc(O)cc1)O2,480.0,inactive
CHEMBL4238346,O=C1CC(c2ccc(O)cc2)Oc2cc(O)c(CC=C3CCCC3)c(O)c21,460.0,inactive
CHEMBL4248823,CCC(=CCc1c(O)cc2c(c1O)C(=O)CC(c1ccc(O)cc1)O2)CC,260.0,intermediate
CHEMBL4242828,CC(C)=CCc1c(O)cc2c(c1O)C(=O)CC(c1cccc(O)c1)O2,1020.0,inactive
CHEMBL4249364,CCC(=CCc1c(O)cc2c(c1O)C(=O)CC(c1ccccc1O)O2)CC,390.0,intermediate
CHEMBL4245811,CC(C)=CCc1c(O)cc2c(c1O)C(=O)CC(c1ccccc1O)O2,640.0,intermediate
CHEMBL4237637,CC(C)=CCc1ccc2c(c1O)C(=O)CC(c1ccccc1O)O2,1250.0,intermediate
CHEMBL1537093,CC(C)=CCc1c(O)cc2c(c1O)C(=O)CC(c1ccc(O)cc1)O2,1000.0,active
CHEMBL4461512,Cc1ccc(CCN2CC[C@H](CNC(=O)c3cc(C(C)C)no3)C2)cc1C(F)(F)F,7610.0,inactive
CHEMBL4474619,Cc1cc(-c2ccc(C(=O)[C@@H]3CCCC[C@H]3C(=O)Nc3cnn(C)c3S(N)(=O)=O)cc2)n[nH]1,32000.0,intermediate
CHEMBL4542281,Cc1cc(-c2ccc(C(=O)[C@@H]3CCCC[C@H]3C(=O)Nc3cnn4c3C(=O)NCC4)cc2)n[nH]1,32000.0,intermediate
CHEMBL4566705,CC(C)Cc1cc(CNC(=O)C2C3CN(CCC(C)(C)C)CC32)nn1-c1ccccc1,8200.0,intermediate
CHEMBL4560282,CC(C)Cc1cc(CNC(=O)C2C3CN(Cc4ccccc4)CC32)nn1-c1ccccc1,10790.0,active
CHEMBL4463242,CC(C)Cc1cc(CNC(=O)C2C3CN(C(=O)c4ccccc4)CC32)nn1-c1ccccc1,2890.0,intermediate
CHEMBL4451905,CC(C)Cc1cc(CNC(=O)C2C3CN(C(=O)Cc4ccccc4)CC32)nn1-c1ccccc1,2500.0,intermediate
CHEMBL4524656,CC(C)Cc1cc(C(=O)NCC2C3CN(CCC(C)(C)C)CC23)nn1-c1ccccc1,8870.0,inactive
CHEMBL4535646,CC(C)(C)CCN1CC2C(CNC(=O)c3cc(Cl)cc(Cl)c3)C2C1,310.0,intermediate
CHEMBL4457557,NC(=O)c1ccc(Cc2ccccc2)cc1-c1cccc(CCC(=O)O)c1,33300.0,inactive
CHEMBL4648577,CN(C)CCCCCSC1=Nc2ccccc2C(CC(=O)NCc2ccc(F)cc2)N1c1ccc(-c2ccc(F)cc2)cc1,2760.0,inactive
CHEMBL4632832,CN(C)CCCCCSC1=Nc2ccccc2C(CC(=O)NCc2ccccc2)N1c1ccc(-c2ccc(F)cc2)cc1,4180.0,intermediate
CHEMBL4642220,O=C(CC1c2ccccc2N=C(SCCCCCN2CCCC2)N1c1ccc(-c2ccc(F)cc2)cc1)NCc1ccc(F)cc1,4880.0,intermediate
CHEMBL4642980,O=C(CC1c2ccccc2N=C(SCCCCCN2CCCC2)N1c1ccc(-c2ccc(F)cc2)cc1)NCc1ccccc1,260.0,inactive
CHEMBL4634314,CN(C)CCCCCSC1=Nc2ccccc2C(CC(=O)NCc2ccccc2)N1c1ccc(-c2ccccc2)cc1,2400.0,intermediate
CHEMBL4645030,CN(C)CCCCCSC1=Nc2ccccc2C(CC(=O)NCc2ccc(F)cc2)N1c1ccc(-c2ccccc2)cc1,3140.0,inactive
CHEMBL4647557,O=C(CC1c2ccccc2N=C(SCCCCCN2CCCC2)N1c1ccc(-c2ccccc2)cc1)NCc1ccc(F)cc1,276100.0,inactive
CHEMBL4643629,O=C(CC1c2ccccc2N=C(SCCCCCN2CCCC2)N1c1ccc(-c2ccccc2)cc1)NCc1ccccc1,6900.0,inactive
CHEMBL4636176,CN(C)CCCCCSC1=Nc2ccccc2C(CC(=O)NCc2ccc(F)cc2)N1c1ccccc1,832300.0,inactive
CHEMBL4645813,CN(C)CCCCCSC1=Nc2ccccc2C(CC(=O)NCc2ccccc2)N1c1ccccc1,13800.0,inactive
CHEMBL4642558,O=C(CC1c2ccccc2N=C(SCCCCCN2CCCC2)N1c1ccccc1)NCc1ccc(F)cc1,57430.0,inactive
CHEMBL4636912,O=C(CC1c2ccccc2N=C(SCCCCCN2CCCC2)N1c1ccccc1)NCc1ccccc1,7710.0,inactive
CHEMBL394956,CN(C)CCCCCN(C)C1=Nc2ccccc2C(CC(=O)NCc2ccccc2)N1c1ccc(-c2ccccc2)cc1,3600.0,inactive
CHEMBL452076,COCCOC(=O)C1=C(C)NC(C)=C(C(=O)OC/C=C/c2ccccc2)C1c1cccc([N+](=O)[O-])c1,24000.0,inactive
CHEMBL1551597,CC(C)[C@H]1c2ccc(F)cc2CC[C@@]1(CCN(C)CCCc1nc2ccccc2[nH]1)OC(=O)C1CC1,2000.0,inactive
CHEMBL4759180,NC(N)=NCCCOc1ccc(C(=O)Nc2ccccc2Oc2ccccc2)cc1.O=C(O)C(F)(F)F,40000.0,inactive
CHEMBL4754749,NC(N)=NCCCOc1ccc(C(=O)N2c3ccccc3Oc3ccccc32)cc1.O=C(O)C(F)(F)F,164000.0,inactive
CHEMBL4740547,CN(C)CCCOc1ccc(C(=O)Nc2ccccc2Oc2ccc(F)cc2)cc1,54000.0,inactive
CHEMBL4741422,CN(C)CCCOc1ccc(C(=O)Nc2ccccc2Oc2ccccc2)cc1,19000.0,active
CHEMBL4764424,Cc1cccc(C)c1Oc1ccccc1NC(=O)c1ccc(OCCCN(C)C)cc1,55000.0,active
CHEMBL4742798,CN(C)CCCOc1ccc(C(=O)N2c3ccccc3Oc3ccccc32)cc1,55000.0,
CHEMBL4791782,CN(C)CCCOc1ccc(C(=O)N2c3ccccc3CCc3ccccc32)cc1,108000.0,
CHEMBL4781385,CN(C)CCCOc1ccc(C(=O)N2c3ccccc3C=Cc3ccccc32)cc1,102000.0,
CHEMBL4794579,O=C(c1ccc(OCCCN2CCCC2)cc1)N1c2ccccc2Oc2ccccc21,49000.0,
CHEMBL4741821,O=C(c1ccc(OCCCN2CCCC2)cc1)N1c2ccccc2CCc2ccccc21,110000.0,
CHEMBL4749090,O=C(c1ccc(OCCCN2CCCC2)cc1)N1c2ccccc2C=Cc2ccccc21,113000.0,
CHEMBL4741805,O=C(c1ccc(OCCCN2CCOCC2)cc1)N1c2ccccc2Oc2ccccc21,133000.0,
CHEMBL4794057,O=C(c1ccc(OCCCN2CCOCC2)cc1)N1c2ccccc2CCc2ccccc21,80000.0,
CHEMBL4749956,O=C(c1ccc(OCCCN2CCOCC2)cc1)N1c2ccccc2C=Cc2ccccc21,193000.0,
CHEMBL4514203,O[C@]1(C(F)(F)F)CCCC[C@H]1Nc1ccc(F)cc1,30.0,
CHEMBL1684950,CC(C)c1ccc(CC(=O)N[C@H](C)c2ccc(OCC(F)(F)F)cn2)cc1,96.0,
,,,intermediate
,,,intermediate
,,,active
,,,intermediate
,,,active
,,,intermediate
,,,active
,,,active
,,,active
,,,inactive
,,,inactive
